Open,High,Low,Close,Volume,Dividends,Stock Splits
1111.0,1128.800048828125,1096.0,1110.550048828125,257556,0.0,0.0
