Open,High,Low,Close,Volume,Dividends,Stock Splits
42.70000076293945,45.95000076293945,42.70000076293945,45.75,31069516,0.0,0.0
